               epoch,      train/box_loss,      train/obj_loss,      train/cls_loss,   metrics/precision,      metrics/recall,     metrics/mAP_0.5,metrics/mAP_0.5:0.95,        val/box_loss,        val/obj_loss,        val/cls_loss,               x/lr0,               x/lr1,               x/lr2
                   0,             0.11554,            0.018303,                   0,              0.0055,               0.825,           0.0064793,           0.0016762,             0.13313,            0.026083,                   0,            0.067234,          0.00033097,          0.00033097
                   1,            0.097555,            0.017688,                   0,             0.00575,              0.8625,            0.016283,           0.0040384,              0.1099,            0.027537,                   0,            0.034233,           0.0006637,           0.0006637
